{
  "title": "V-Lab",
  "footer": "Department of Chemistry - University of York",
  "compounds": {
    "ethanol": {
      "Gas Chromatography": {
        "conc": 5.2,
        "height": 1000,
        "position": 120,
        "sd": 5
      }
    },
    "caffeine": {
      "HPLC": {
        "conc": 85,
        "height": 1200,
        "position": 240,
        "sd": 2.5
      }
    },
    "NaCl": {
      "Conductivity": {
        "func": "126500 * x - 101265 * x ^ 1.5"
      }
    },
    "KMnO4": {
      "UV-Vis": {
        "xy": [[350,0.49102454],[351,0.481775248],[352,0.472406331],[353,0.462931759],[354,0.453365426],[355,0.443721113],[356,0.434012457],[357,0.424252923],[358,0.414455772],[359,0.404634034],[360,0.39480048],[361,0.384967598],[362,0.375147569],[363,0.365352244],[364,0.355593125],[365,0.345881344],[366,0.336227645],[367,0.326642371],[368,0.317135448],[369,0.307716373],[370,0.298394203],[371,0.289177547],[372,0.280074557],[373,0.271092924],[374,0.262239872],[375,0.253522159],[376,0.244946071],[377,0.236517426],[378,0.228241576],[379,0.220123408],[380,0.212167353],[381,0.204377386],[382,0.196757039],[383,0.189309405],[384,0.18203715],[385,0.174942524],[386,0.168027369],[387,0.161293134],[388,0.15474089],[389,0.148371338],[390,0.142184829],[391,0.136181378],[392,0.130360676],[393,0.12472211],[394,0.11926478],[395,0.113987514],[396,0.108888883],[397,0.103967223],[398,0.099220651],[399,0.094647082],[400,0.090244247],[401,0.086009711],[402,0.081940892],[403,0.078035078],[404,0.074289446],[405,0.070701077],[406,0.067266978],[407,0.063984097],[408,0.060849341],[409,0.057859594],[410,0.055011736],[411,0.052302656],[412,0.049729274],[413,0.047288555],[414,0.044977527],[415,0.042793299],[416,0.040733076],[417,0.038794175],[418,0.036974047],[419,0.035270285],[420,0.033680649],[421,0.032203078],[422,0.030835706],[423,0.02957688],[424,0.028425177],[425,0.02737942],[426,0.026438691],[427,0.025602352],[428,0.024870059],[429,0.024241775],[430,0.023717792],[431,0.023298741],[432,0.022985609],[433,0.022779757],[434,0.022682928],[435,0.022697268],[436,0.022825334],[437,0.023070109],[438,0.023435015],[439,0.023923922],[440,0.024541159],[441,0.02529152],[442,0.026180276],[443,0.027213178],[444,0.028396459],[445,0.02973684],[446,0.031241527],[447,0.032918209],[448,0.034775054],[449,0.036820702],[450,0.039064252],[451,0.04151525],[452,0.044183671],[453,0.047079899],[454,0.050214705],[455,0.053599212],[456,0.057244872],[457,0.061163423],[458,0.065366849],[459,0.069867338],[460,0.07467723],[461,0.079808963],[462,0.085275018],[463,0.091087847],[464,0.097259817],[465,0.10380313],[466,0.110729748],[467,0.118051317],[468,0.125779077],[469,0.13392378],[470,0.142495598],[471,0.151504026],[472,0.160957792],[473,0.170864755],[474,0.181231808],[475,0.19206478],[476,0.203368333],[477,0.215145863],[478,0.227399405],[479,0.240129533],[480,0.253335272],[481,0.267014002],[482,0.281161376],[483,0.295771239],[484,0.310835553],[485,0.326344332],[486,0.342285578],[487,0.358645233],[488,0.375407136],[489,0.392552989],[490,0.410062347],[491,0.427912645],[492,0.4460794],[493,0.464537075],[494,0.483262329],[495,0.502244528],[496,0.521514952],[497,0.541215017],[498,0.561725797],[499,0.58385334],[500,0.608981117],[501,0.638977659],[502,0.675594465],[503,0.719286744],[504,0.767895914],[505,0.816144696],[506,0.856819585],[507,0.883542939],[508,0.893731366],[509,0.889871254],[510,0.878244058],[511,0.865969773],[512,0.85824062],[513,0.85715644],[514,0.862278589],[515,0.872061406],[516,0.885247583],[517,0.901779309],[518,0.923144873],[519,0.952072388],[520,0.99134105],[521,1.041686212],[522,1.099535307],[523,1.156137066],[524,1.199521665],[525,1.219117486],[526,1.210680657],[527,1.178420397],[528,1.132873638],[529,1.085974873],[530,1.046436694],[531,1.017780773],[532,0.999185033],[533,0.987697188],[534,0.980248982],[535,0.974773446],[536,0.970574708],[537,0.968382703],[538,0.970298274],[539,0.979423177],[540,0.998742635],[541,1.029110924],[542,1.067037656],[543,1.103840442],[544,1.127613752],[545,1.127848224],[546,1.10036067],[547,1.049419289],[548,0.985618008],[549,0.920945988],[550,0.864167606],[551,0.818851946],[552,0.784215232],[553,0.757319917],[554,0.735050617],[555,0.715146762],[556,0.696424689],[557,0.678652975],[558,0.662428769],[559,0.649114215],[560,0.640630206],[561,0.638805402],[562,0.644179227],[563,0.654678704],[564,0.665111836],[565,0.668349449],[566,0.658096928],[567,0.6318523],[568,0.592181416],[569,0.545442642],[570,0.498828646],[571,0.457594473],[572,0.423875241],[573,0.397191222],[574,0.375765507],[575,0.357703434],[576,0.341594851],[577,0.32660664],[578,0.312330429],[579,0.298597428],[580,0.28534906],[581,0.272568876],[582,0.260253482],[583,0.248402152],[584,0.2370137],[585,0.226085714],[586,0.215614456],[587,0.205594917],[588,0.196020908],[589,0.186885159],[590,0.178179416],[591,0.169894539],[592,0.162020595],[593,0.154546959],[594,0.147462397],[595,0.140755162],[596,0.134413076],[597,0.128423613],[598,0.122773978],[599,0.11745118],[600,0.112442102],[601,0.107733568],[602,0.103312402],[603,0.099165486],[604,0.095279811],[605,0.091642526],[606,0.088240978],[607,0.085062752],[608,0.082095706],[609,0.079328],[610,0.076748123],[611,0.07434491],[612,0.072107569],[613,0.070025686],[614,0.068089247],[615,0.066288636],[616,0.064614648],[617,0.063058489],[618,0.061611777],[619,0.060266539],[620,0.059015208],[621,0.057850622],[622,0.056766007],[623,0.055754978],[624,0.054811524],[625,0.053930001],[626,0.053105114],[627,0.052331913],[628,0.051605775],[629,0.050922389],[630,0.050277749],[631,0.049668134],[632,0.049090097],[633,0.048540452],[634,0.048016257],[635,0.047514804],[636,0.047033605],[637,0.046570376],[638,0.046123027],[639,0.045689652],[640,0.045268512],[641,0.044858027],[642,0.044456765],[643,0.044063429],[644,0.04367685],[645,0.043295979],[646,0.042919871],[647,0.042547685],[648,0.04217867],[649,0.04181216],[650,0.041447568],[651,0.041084376],[652,0.040722134],[653,0.040360448],[654,0.039998981],[655,0.039637442],[656,0.039275588],[657,0.038913213],[658,0.03855015],[659,0.038186262],[660,0.037821446],[661,0.037455621],[662,0.037088733],[663,0.036720747],[664,0.036351649],[665,0.035981441],[666,0.035610139],[667,0.035237773],[668,0.034864387],[669,0.034490032],[670,0.034114769],[671,0.033738667],[672,0.033361802],[673,0.032984256],[674,0.032606115],[675,0.03222747],[676,0.031848415],[677,0.031469048],[678,0.031089467],[679,0.030709775],[680,0.030330073],[681,0.029950466],[682,0.029571058],[683,0.029191953],[684,0.028813255],[685,0.02843507],[686,0.028057501],[687,0.027680651],[688,0.027304622],[689,0.026929516],[690,0.026555432],[691,0.02618247],[692,0.025810726],[693,0.025440297],[694,0.025071275],[695,0.024703755],[696,0.024337826],[697,0.023973577],[698,0.023611095],[699,0.023250465],[700,0.022891769],[701,0.022535089],[702,0.022180502],[703,0.021828086],[704,0.021477915],[705,0.021130061],[706,0.020784594],[707,0.020441582],[708,0.020101091],[709,0.019763183],[710,0.019427921],[711,0.019095362],[712,0.018765565],[713,0.018438582],[714,0.018114466],[715,0.017793268],[716,0.017475034],[717,0.017159811],[718,0.016847641],[719,0.016538567],[720,0.016232625],[721,0.015929854],[722,0.015630288],[723,0.01533396],[724,0.015040899],[725,0.014751133],[726,0.01446469],[727,0.014181594],[728,0.013901865],[729,0.013625525],[730,0.013352592],[731,0.013083081],[732,0.012817008],[733,0.012554384],[734,0.012295219],[735,0.012039524],[736,0.011787304],[737,0.011538565],[738,0.01129331],[739,0.011051541],[740,0.010813258],[741,0.01057846],[742,0.010347144],[743,0.010119304],[744,0.009894935],[745,0.009674029],[746,0.009456577],[747,0.009242569],[748,0.009031993],[749,0.008824835],[750,0.008621081],[751,0.008420716],[752,0.008223723],[753,0.008030083],[754,0.007839778],[755,0.007652787],[756,0.007469089],[757,0.007288661],[758,0.007111481],[759,0.006937524],[760,0.006766764],[761,0.006599177],[762,0.006434734],[763,0.006273409],[764,0.006115173],[765,0.005959996],[766,0.00580785],[767,